storeid,total_sales,total_revenue,avg_price,sku_count,transaction_count,state,city,rev_per_sku,rev_per_transaction
10110,97917,7702210.0,79.69615783030417,29476,84952,CA,Santa Monica,261.3044510788438,90.66543459836143
10116,57925,4647923.0,80.94348408125255,20932,51543,CA,Los Angeles,222.048681444678,90.17563975709602
10120,200008,16056342.0,81.67189243506834,38086,162209,CA,Newport Beach,421.58121094365384,98.98551868268716
10122,161146,12900681.0,81.78867513399288,37947,136761,CA,Costa Mesa,339.96576804490473,94.33011604185404
10126,202395,15687078.0,80.05857537947823,37429,156926,CA,San Diego,419.1156055465014,99.9648114397869
10127,208823,16228160.0,79.77297200729387,39097,162328,CA,Roseville,415.0743023761414,99.9714158986743
10130,66567,5407332.0,81.68695248208124,22905,60272,CA,San Francisco,236.07648984937788,89.71548977966552
10134,17643,1425972.0,83.50645338459427,6741,14566,CA,San Francisco,211.53716065865598,97.89729507071262
10136,91048,7090727.0,79.69283485045514,27455,76900,CA,Sacramento,258.26723729739575,92.20711313394018
10137,113028,9134562.0,81.67046822598675,31428,93032,CA,Pleasanton,290.6504390988927,98.18731189268209
10151,152193,11850879.0,79.63736033237869,32813,123955,CA,Fresno,361.16414226068935,95.60630067363157
10160,81158,6776407.0,84.3594440494612,26515,71733,CA,Burlingame,255.56881010748634,94.46707930798935
10162,210155,16910869.0,81.99232590799316,42211,170183,CA,Walnut Creek,400.627064035441,99.36873248209281
10163,108506,8711879.0,81.05897036547118,30534,93742,CA,Corte Madera,285.3173183991616,92.93463975592584
10165,63770,5116093.0,81.05044019564251,21854,56225,CO,Pasadena,234.10327628809372,90.99320586927523
10167,207928,16292024.0,80.9295088398699,37884,158034,CA,Irvine,430.05025868440504,103.09189161825937
10168,104925,8035777.0,78.23218914460764,28571,89117,CA,Palm Desert,281.2564138462077,90.17108969108027
10170,127740,10175203.0,81.15197141015877,30533,102414,CA,Glendale,333.25264467952707,99.35363329232331
10171,46891,3756329.0,80.55094412892578,17891,41202,CA,Los Angeles,209.95634676653066,91.16860831998447
10172,77235,6180963.0,80.59329612432187,24262,63963,CA,Mission Viejo,254.7590058527739,96.63341306692932
10175,47878,3869040.0,81.65057646895401,18707,43194,CA,Berkeley,206.82311434222484,89.57355188220586
10176,71716,5757043.0,80.71504334032974,21759,62413,CA,Thousand Oaks,264.5821499149777,92.24108759393076
10177,75502,5921282.0,79.9373036364202,23900,64294,MN,Maple Grove,247.7523849372385,92.0969608361589
10180,76866,6289076.0,82.44075448361163,23720,64680,CA,Beverly Hills,265.1381112984823,97.23370439084725
10181,67614,5357118.0,79.84908554375552,23203,59981,CA,Santa Barbara,230.88040339611257,89.31358263450093
10182,127297,7601593.0,63.52850859282939,23473,85711,CA,Gilroy,323.8441187747625,88.6886513983036
10185,44671,3597430.0,80.95426696403393,16909,39009,CA,Calabasas,212.75238038914188,92.22051321489913
10190,82722,6631908.0,81.1502956454465,24813,72384,CA,El Segundo,267.2755410470318,91.62118700265252
10192,124724,10175414.0,82.70238885202389,35302,108504,CA,San Jose,288.2390232847997,93.7791602152916
10195,130408,10003958.0,78.44125643177755,33424,109612,CA,Carlsbad,299.30463140258496,91.26699631427216
10196,67848,5287006.0,78.71628410494088,20862,59119,CA,San Diego,253.42757166139393,89.42989563422927
10199,286557,21748924.0,79.87991899867308,39416,201972,CA,San Diego,551.7790744875177,107.68286693204999
10210,158141,12763174.0,81.92256391537771,37568,131502,NY,New York,339.735253407155,97.05688126416328
10213,135341,11131876.0,83.94888506163886,31166,110320,NY,Garden City,357.18013219534106,100.90532994923858
10214,81344,6550558.0,81.20611983517095,23433,71832,NY,New York,279.5441471429181,91.19275531796414
10217,92002,7522355.0,82.88432404194187,26268,80397,NY,Manhasset,286.36953707933606,93.56512058907671
10218,53479,4089499.0,77.49778531920052,20273,45379,NY,East Hampton,201.7214521777734,90.11875537142731
10219,152591,9415031.0,65.16598013084565,23217,94921,NY,Woodbury,405.5231511392514,99.18807218634443
10224,116989,9204214.0,79.820221614848,30573,101347,NY,New York,301.05694567101693,90.81881062093599
10227,103797,8528062.0,83.07463616992338,27604,88228,NY,White Plains,308.94297927836544,96.65935984041347
10229,143268,11589701.0,82.64746314475593,34140,118572,NY,Huntington Station,339.47571763327477,97.74399520966163
10231,54776,4385407.0,80.59411643694713,18475,48610,NY,New York,237.36979702300405,90.21614894054721
10234,108835,8670631.0,81.78524145897197,29297,90036,NY,Buffalo,295.95627538655833,96.30182371495846
10238,65381,5283944.0,81.76058000035758,21133,55931,NY,Rochester,250.03283963469454,94.47254653054657
10251,43427,3376437.0,78.52205569727892,15869,37632,VT,Burlington,212.76936164849707,89.72249681122449
10267,10784,860096.0,81.0273591963236,5293,9357,CO,Colorado Springs,162.49688267523143,91.92005984824196
10268,51649,3858397.0,75.86023141827623,17757,44681,AL,Montgomery,217.28878752041447,86.35431167610393
10269,64305,4851220.0,76.95142542998508,19462,50932,TX,Arlington,249.2662624601788,95.24895939684285
10270,39856,3154565.0,79.46898425787107,16592,32016,CO,Aurora,190.12566297010608,98.5308908045977
10273,46374,3627876.0,78.6596443081228,18741,37167,MA,Cambridge,193.57963822634864,97.61013802566794
10292,65860,5193891.0,80.77366741311516,21572,56713,VA,Arlington,240.77002595957723,91.58201823215136
10303,59315,4686914.0,79.83633815620028,19517,52804,NY,Brooklyn,240.14520674283958,88.76058631921823
10304,79095,6243799.0,80.68661511898506,23582,66605,NY,Victor,264.7696972266983,93.74369792057654
10305,76160,6028474.0,80.87349733301488,19721,62805,NH,salem,305.68804827341415,95.98716662686091
10306,106444,8344306.0,80.18814942528735,26890,87000,ND,Fargo,310.31260691706956,95.91156321839081
10307,47038,3695804.0,79.50904163468918,16766,41696,OR,Eugene,220.43445067398306,88.63689562547967
10308,99165,7530215.0,76.8633715860337,27586,86007,TX,Austin,272.97234104255784,87.55351308614415
10309,83415,6801254.0,83.10644167749281,20493,68507,MI,Clinton Township,331.8818133021032,99.27823434101624
10310,67378,5410459.0,81.60005465600875,20600,58548,MI,Chicago,262.64364077669904,92.41065450570473
10311,107806,8819416.0,83.02299973453677,34598,94175,IL,Chicago,254.91115093358,93.64922750199098
10312,247776,19855874.0,82.49560259566832,44634,191704,IL,Oak Brook,444.8598377918179,103.57568960480741
10313,21962,1841446.0,85.68300910828742,8262,17786,IL,Northbrook,222.88138465262648,103.533453277859
10314,35262,2824420.0,80.83366900035165,15552,31281,IL,Chicago,181.6113683127572,90.29187046449921
10317,70336,5683387.0,81.66013791782396,23182,62646,IL,Chicago,245.16379087222845,90.72226478945184
10318,141164,11387298.0,81.88867988913765,34197,120149,IL,Chicago,332.9911395736468,94.77646921738841
10319,126319,10017447.0,80.98865498190132,31058,104980,IL,Naperville,322.5399896966965,95.4224328443513
10320,87476,7113045.0,82.38695176608687,25116,74968,IL,Deer Park,283.2077161968466,94.88108259524064
10322,156805,12659663.0,82.43909088147743,37043,131688,IL,Skokie,341.75587830359314,96.13376313711196
10323,156433,12305731.0,81.65422020660115,32211,119070,IL,Schaumburg,382.0350501381516,103.34871084236164
10326,196210,15985484.0,83.01689633066538,40122,157549,CA,San Jose,398.42191316484724,101.46357006391662
10327,122283,9317336.0,77.697849719841,30386,104405,AZ,Gilbert,306.6325281379583,89.24223935635267
10328,90002,7177884.0,80.83372770294866,25780,76916,MN,Woodbury,278.4283941039566,93.3210775391336
10329,75492,5928774.0,79.57691267504056,23165,66556,NC,Cary,255.93671487157349,89.07948194002043
10330,39795,3076403.0,77.79218012207762,16573,34732,CO,Steamboat Springs,185.62740602184275,88.57546354946447
10331,67799,5258513.0,79.02675093831881,20749,56484,MN,Rochester,253.43452696515496,93.09739041144395
10332,96988,7297873.0,78.09680668362537,25082,77443,AZ,Glendale,290.9605693325891,94.23541185129709
10333,86744,6729247.0,78.59905274768053,27515,77065,GA,Marietta,244.56649100490642,87.31910724712905
10334,98655,7725158.0,79.5428609599689,26445,82336,NC,Charlotte,292.12168651919075,93.8247910998834
10335,96028,7305260.0,78.43855783803059,22677,78521,NC,Raleigh,322.1440225779424,93.0357483985176
10337,61575,4815930.0,78.9046680058235,22131,54263,GA,Peachtree Corners,217.61013962315303,88.75163555277076
10338,73439,5597841.0,77.14388175127853,22014,64136,SC,Hilton Head Island,254.2855001362769,87.280793937882
10339,81933,6403169.0,79.12835395273142,22947,69433,FL,Fort Lauderdale,279.0416612193315,92.22083159304654
10340,47996,3550157.0,74.33895388850654,15928,40684,HI,Koloa,222.8878076343546,87.26174909055158
10341,61446,4929436.0,81.1467878073053,21821,54262,NE,Omaha,225.90330415654645,90.84508495816594
10343,55564,4275874.0,77.91337030457953,20169,46162,MT,Missoula,212.00228072784967,92.62757246219834
10344,70152,5413207.0,78.6776783780632,21490,60027,NE,Lincoln,251.89422987436018,90.17953587552267
10345,148210,11240542.0,78.98222649423279,29572,114440,TX,Frisco,380.10760178547275,98.2221426074799
10346,85000,6512772.0,78.20865316547062,24517,72043,GA,Peachtree City,265.6431047844353,90.40117707480255
10347,57256,4516236.0,79.77398021887986,20023,51261,MI,Traverse City,225.55241472306847,88.1027681863405
10350,51416,4130948.0,80.7320951932351,19462,44583,MA,Wellesley,212.25711643202138,92.65747033622681
10353,89198,7123378.0,80.97978823283955,26208,76688,IN,Carmel,271.8016636141636,92.8877790527853
10355,83049,6441533.0,79.4045413803406,24555,70287,ME,South Portland,262.33080838933006,91.64615078179465
10356,73053,5592282.0,77.56403936995434,23535,63297,UT,St. George,237.6155513065647,88.34987440163042
10357,147608,10817981.0,78.16053795919122,26261,108261,TX,McAllen,411.94093903507104,99.92500531123858
10358,50742,4070182.0,80.84208054479276,17304,42585,CA,Venice,235.21625057790106,95.57783257015382
10359,98313,7306927.0,75.9229081263564,24627,82940,MS,Ridgeland,296.7039022211394,88.09895104895105
10360,58207,4577474.0,79.17941773865944,19063,50218,MA,Mashpee,240.12348528563186,91.15205703134335
10361,68296,5402925.0,79.8052830315903,25854,59322,CO,Littleton,208.97830122998374,91.07793061596035
10363,116977,8865873.0,78.49390958069806,26808,93918,TN,Knoxville,330.7174350940018,94.40014693668945
10364,91885,6962139.0,76.5748592249089,24159,78494,LA,Lafayette,288.1799329442444,88.69644813616327
10365,79288,5752094.0,76.00732468591684,20926,63757,CA,Chula Vista,274.87785529962724,90.21901908810013
10366,78335,5849620.0,76.10626592714735,24464,66710,FL,Orlando,239.1113472858077,87.68730325288563
10367,17961,1412060.0,80.76369706094128,6717,15277,VA,Ashburn,210.2218252195921,92.43045100477842
10368,16671,1208763.0,73.11914980584508,6820,14679,SC,Kiawah Island,177.23797653958945,82.34641324340895
10370,24776,1950498.0,80.50631355458711,7558,17898,GA,Atlanta,258.0706536120667,108.97854508883674
10375,86094,6709214.0,81.29515073947668,23830,70320,DE,Newark,281.54485942089804,95.40975540386803
10410,124824,9912190.0,81.26097908014151,27594,104016,MA,Boston,359.215409146916,95.29485848331026
10412,120793,9541954.0,81.34769036154411,29854,98024,CA,Torrance,319.6206203523816,97.34303843956582
10413,106225,8214825.0,80.56298045641853,26445,82994,CA,Cerritos,310.63811684628473,98.98095043015158
10414,73799,5701829.0,78.82899077305541,21964,62751,TX,Alllen,259.59884356219266,90.86435275931858
10415,61048,4988310.0,82.16105095366349,20475,54579,CA,Los Gatos,243.62930402930402,91.39614137305557
10416,155007,12709131.0,83.51491968103548,34135,129795,CA,Los Angeles,372.3196425955764,97.91695365769097
10417,36565,2830716.0,77.754006077083,14469,31265,MA,Edgartown,195.6400580551524,90.53945306252999
10418,44247,3294148.0,75.6270317645809,15183,37652,VA,Williamsburg,216.96291905420537,87.48932327631998
10419,69845,5687481.0,82.17685105538278,22380,60452,MA,Boston,254.13230563002682,94.08259445510488
10420,135730,11078361.0,82.7068898065638,32124,115025,MA,Hingham,344.8624392977213,96.31263638339492
10421,127728,10324280.0,81.63203619029089,33026,102790,MA,Natick,312.610670380912,100.44050977721568
10422,113276,9189826.0,81.91387106184364,30105,95984,MA,Dedham,305.259126390965,95.74331138523087
10423,107471,8729753.0,82.22748048199095,25799,91454,MA,Boston,338.3756347145238,95.4551249808647
10424,135312,11026033.0,82.84210434993841,33934,115266,MA,Burlington,324.9258266045854,95.65728835909982
10425,69451,5322045.0,77.39346377123199,19279,60463,TN,Nashville,276.0539965765859,88.02151729156674
10428,121180,9808609.0,81.87535606977016,30183,102508,MA,Lynnfield,324.9713083523838,95.68627814414485
10429,106121,8661155.0,82.32885631130753,30956,92770,MA,Chestnut Hill,279.7892169530947,93.36159318745284
10502,85478,6918426.0,81.92825951341236,23204,68929,WA,Spokane,298.15661092915013,100.37032308607408
10503,113001,9019202.0,81.53581716512751,30613,94424,WA,Tukwila,294.61999804004836,95.51810980259256
10511,127003,10126294.0,80.88667380371906,34345,111157,WA,Seattle,294.8404134517397,91.0990221038711
10513,195975,16024794.0,83.22065934065934,40974,161525,WA,Bellevue,391.0966466539757,99.20937316204922
10515,67121,5381897.0,81.93849710172846,21015,57103,WA,Lynnwood,256.09788246490604,94.24893613295274
10518,77419,6012324.0,78.45811848968007,20499,67297,FL,Fort Lauderdale,293.29840480023415,89.34014889222402
10519,78255,6303379.0,82.46669595382728,22710,66013,WA,Tacoma,277.5596213121973,95.48693439171072
10521,66519,5338534.0,81.07717036152198,19992,56926,NJ,Montvale,267.03351340536216,93.7802410146506
10522,30286,2261862.0,75.38838496425552,13465,26018,AZ,Flagstaff,167.98083921277384,86.9345068798524
10523,31532,2443537.0,77.8939757285081,14606,27522,NY,New York,167.29679583732712,88.78486301867596
10525,49171,3796719.0,79.57927128916762,14356,42733,NY,New York,264.46914182223463,88.84747150913813
10526,108622,8382945.0,78.75562435960262,24346,89788,TX,Lubbock,344.32535118705334,93.36375684946763
10527,72485,5840336.0,81.0700347712875,23696,62983,CA,San Francisco,246.46927751519243,92.72876808027563
10528,83549,6342524.0,76.92228160501428,23787,71476,LA,Shreveport,266.6382477824022,88.73641502042643
10529,96979,7517002.0,79.40686505671242,28015,80582,MN,Roseville,268.32061395680887,93.28388473852722
10550,119839,7032118.0,61.932810207679985,17765,74297,MO,Branson,395.84114832535886,94.6487475941155
10551,149318,8897047.0,63.90534500367902,22702,91057,TN,Sevierville,391.9058673244648,97.70854519696454
10552,103768,6135588.0,61.413464476421886,17379,68729,OR,Woodburn,353.04609010875197,89.27218495831454
10553,161515,9683681.0,63.43883115852933,24259,100852,FL,Estero,399.1789026752958,96.01873041684846
10554,127043,7779465.0,64.3954696186482,21773,82024,MI,Birch Run,357.2987185964268,94.84376523944212
10555,110017,6599577.0,63.30326659641728,19456,71175,WI,Pleasant Prairie,339.20523231907896,92.72324552160168
10556,170314,10152513.0,63.632770773354515,24545,100730,CA,Livermore,413.62855978814423,100.78936761640028
10580,190564,10828881.0,61.10824917735164,18890,96943,NV,Las Vegas,573.259978824775,111.70358870676583
10581,98704,5656599.0,60.742459501934235,17392,66176,CA,Camarillo,325.24143284268627,85.478103844294
10582,151965,8693485.0,60.45492331486016,20393,93108,CA,Cabazon,426.29750404550583,93.36990376766765
10583,144462,8818733.0,63.57191902161297,20717,81849,MA,Wrentham,425.6761596756287,107.74393089713986
10585,156538,9531207.0,64.1248668934217,24855,96727,WA,Tulalip,383.47242003621,98.53719230411365
10586,140605,8080782.0,63.03039086408081,20253,80386,TX,Cypress,398.9918530588061,100.52474311447267
10588,116634,7024974.0,64.58588409274812,19566,71678,GA,Dawsonville,359.0398650720638,98.0073941795251
10591,111438,6566157.0,63.068412822517594,18294,69066,SC,myrtle beach,358.9240734667104,95.07075840500391
10593,122130,6738581.0,59.13855054811206,16550,72248,AZ,Glendale,407.16501510574017,93.27013896578453
10594,168605,10297401.0,64.16590009727719,26891,105883,IL,Chicago,382.93112937414,97.252637344994
10595,175793,10746632.0,64.04024487873794,25398,106175,CO,Castle Rock,423.12906528073074,101.21621850718154
10596,148001,8975612.0,63.94590232794641,24158,90466,TX,Fort Worth,371.53787565195796,99.21530740830809
10597,144187,8439473.0,63.183606210054265,22019,84959,CA,Commerce,383.28139334211363,99.33583257806707
10598,99109,5547322.0,59.3013038505528,15701,65575,CA,San Clemente,353.3101076364563,84.59507434235609
10610,67088,5350722.0,80.45658073270013,19957,57486,VA,Arlington,268.11254196522526,93.078697421981
10612,217218,17482739.0,82.58421324406616,39562,168483,VA,Tysons Corner,441.9073605985542,103.76559652902667
10613,60894,4950325.0,82.13023435915402,20402,54233,VA,Reston,242.63920203901577,91.27883392030682
10615,118234,9124619.0,79.36558938718692,26835,96261,VA,Richmond,340.02679336687163,94.7904031747021
10617,73428,5849251.0,80.56287800109963,23312,65476,VA,Fairfax,250.91159059711737,89.334275154255
10618,75126,6013145.0,80.70276385462658,22294,63643,VA,Alexandria,269.72032833946355,94.48242540420785
10619,90996,7097037.0,79.30787869313741,22948,76764,VA,Virginia Beach,309.26603625588285,92.45267312802876
10621,65196,4945793.0,76.82406342352546,21953,56509,MS,Jackson,225.2900742495331,87.52221769983542
10622,59462,4542732.0,77.87528527583221,15826,50828,CO,Vail,287.04233539744723,89.37459667899583
10623,72955,5816666.0,80.50992966487381,21421,58008,CA,Valencia,271.5403575930162,100.27351399806923
10624,104446,8197852.0,80.26794696460443,27593,86282,NJ,Freehold,297.0989743775595,95.01230847685497
10625,65720,5210376.0,80.33937336814621,22114,57450,CO,Colorado Springs,235.61436194266076,90.69409921671019
10626,117602,9242122.0,80.25300507809989,25062,93342,NV,Las Vegas,368.77032958263504,99.0135415997086
10627,33343,2591946.0,78.05334321824472,14632,28326,CA,Malibu,177.1422908693275,91.50413048083033
10628,84453,6847026.0,81.60618768055167,27325,75117,NY,New York,250.57734675205856,91.1514836854507
10632,73215,5693710.0,79.21640679470114,22507,63108,CA,Temecula,252.97507442129114,90.22168346326931
10633,89826,6766982.0,76.25045337526791,25764,78853,GA,Savannah,262.6526160534079,85.81768607408722
10634,102371,7939038.0,79.48115564626808,25687,85251,NC,Greensboro,309.0683224977615,93.12545307386424
10635,65515,5060164.0,78.27233778879348,20932,56485,CA,Huntington Beach,241.74297725969808,89.58420819686643
10636,114351,8768242.0,80.81429552027187,25292,88867,NJ,Cherry Hill,346.68045231693816,98.66701925349118
10637,103691,8020623.0,78.79044246504151,21907,82741,SC,Greenville,366.1214680239193,96.936500646596
10638,74930,5899242.0,79.5998356982823,22600,66950,GA,Atlanta,261.028407079646,88.11414488424197
10639,251396,19100915.0,78.43797706990708,41349,195202,FL,Tampa,461.94381968124986,97.85204557330356
10640,117549,8685562.0,74.72472435862959,23948,92965,HI,Honolulu,362.68423250375815,93.42830097348464
10641,79536,6437765.0,82.44456524976914,21696,67142,OH,beavercreek,296.7258941740413,95.88283041911173
10642,146489,11369874.0,80.08528649186971,31612,116478,CA,Rancho Cucamonga,359.6695558648614,97.61391850821614
10643,59883,4812631.0,81.44786756880036,21760,52616,AK,Anchorage,221.16870404411765,91.46706325072222
10644,113834,8423130.0,77.38825784466846,21069,84516,TX,Friendswood,399.7878399544354,99.66314070708505
10645,160884,13173850.0,83.05038182156827,39475,139594,CA,Palo Alto,333.72640911969603,94.37260913792856
10646,78193,6122671.0,79.29286937194004,24383,66586,CA,Santa Rosa,251.10408891440758,91.95132610458656
10647,138872,10788986.0,79.43890557402838,23434,111876,FL,Miami,460.3988222241188,96.4370016804319
10648,127354,10100328.0,80.50585765620417,31198,109088,NY,New York,323.74921469324954,92.5888090349076
10649,67413,5323508.0,80.92177119204146,20944,57498,PA,Whitehall,254.17818945760123,92.58596820758983
10650,70043,5498176.0,80.06069874932028,21060,58848,NY,Albany,261.07198480531815,93.43012506797173
10651,233574,18750016.0,81.66766262128012,39687,184078,NY,New York,472.4473001234661,101.85908147633069
10652,54662,4441344.0,82.26586013573325,17131,47446,CA,Monterey,259.2577199229467,93.60839691438689
10654,61661,4924596.0,80.31486531304124,20186,54274,CA,San Diego,243.96096304369365,90.735821940524
10655,89154,7124340.0,81.4406421072118,24310,75626,CA,Los Angeles,293.06211435623203,94.2049030756618
10657,62317,4816304.0,78.04499906872788,18294,53690,SC,Columbia,263.27232972559307,89.70579251257217
10658,78556,6380120.0,82.94269649828118,22414,68652,NY,New York,284.6488801641831,92.93421895938938
10659,77063,5702353.0,75.07990955376782,20736,65011,FL,Santa Rosa Beach,274.9977334104938,87.71366384150375
10660,18428,1494465.0,82.86672898444282,7954,14977,CA,Oakland,187.88848378174504,99.78400213660947
10662,69614,5577288.0,80.70403405963674,24316,61774,UT,Riverton,229.36700115150518,90.28536277398258
10664,149076,11519457.0,78.96216828987762,31112,120851,TN,Nashville,370.25768192337364,95.31950087297581
10670,322604,26233917.0,83.63588581709745,42443,240106,NY,New York,618.0976132695615,109.25973111875588
10710,225173,17392007.0,79.80591956490625,33901,174675,FL,Aventura,513.0234211380196,99.56780878774867
10711,193551,14613219.0,77.59072248800763,37250,156141,FL,Jacksonville,392.30118120805366,93.58988990719926
10715,206505,15894174.0,78.62260298507462,38371,167500,FL,Palm Beach Gardens,414.22360636939356,94.89059104477612
10716,201204,12100021.0,63.08948338753452,26464,126381,FL,Sunrise,457.2257028415961,95.74240589962099
10718,248114,14778752.0,63.07363984558779,25333,132632,FL,Orlando,583.3794655192831,111.42674467700103
10722,156594,11950307.0,77.8170781433924,32181,129979,FL,Naples,371.34666418072777,91.94029035459575
10724,244077,19128503.0,80.08976209296989,42215,196085,FL,Boca Raton,453.1209996446761,97.55209730474029
10725,129695,10110819.0,79.25006381039198,29742,109700,FL,Coral Gables,339.95087754690337,92.167903372835
10726,214481,16334607.0,78.8340660713542,35343,168091,FL,Orlando,462.17375435022495,97.17716593987781
10727,134704,10268428.0,77.59969147705361,30667,114092,SD,Tampa,334.836403952131,90.00129719875189
10730,183662,14055452.0,78.61134784047658,34702,145032,FL,Sarasota,405.03290876606536,96.91276407965138
10731,135404,10308406.0,77.6898493594256,30500,113648,FL,Miami Beach,337.98052459016395,90.70468464029284
10743,80639,6248390.0,78.24237074401009,23959,71370,FL,Winter Park,260.79510831002966,87.54925038531596
10744,121327,9576160.0,80.37939664502164,32384,103488,WA,Portland,295.70652173913044,92.53401360544218
10745,138177,10474935.0,77.26004032861658,31466,113567,LA,Metairie,332.8969363757707,92.23572868879164
10746,55944,4208519.0,76.01896657332867,19002,45712,FL,Miami,221.47768655930955,92.06595642282115
10748,56851,4434174.0,78.8322798061776,18452,50149,VA,Charlottesville,240.30858443529158,88.4199884344653
10750,68669,5413202.0,79.26153363495261,22871,60562,CA,San Luis Obispo,236.68409776572952,89.38281430600047
10752,114902,8672169.0,77.49904594313821,27253,94334,AL,Huntsville,318.20970168421826,91.93047045603917
10753,113147,8887870.0,80.46965135891031,29116,93678,CA,Brea,305.2572468745707,94.87681205832746
10755,18947,1539776.0,80.53454978680712,7585,15948,ID,Ketchum,203.00276862228083,96.54978680712316
10757,38465,3029521.0,79.08945352247561,15371,33414,OR,Bend,197.09329256391908,90.66621775303764
10758,54879,4252101.0,78.63087378223187,18270,46499,TX,Houston,232.7367816091954,91.44499881717887
10759,38966,3071889.0,78.88584747788668,15182,33464,RI,Newport,202.33757080753523,91.79682644035381
10761,70177,5518188.0,79.59447983014861,18845,58875,IA,Coralville,292.8197399840807,93.72718471337579
10762,58655,4817868.0,83.551635040721,19329,48378,MI,Detroit,249.25593667546175,99.58799454297407
10763,80146,6085945.0,76.80667623833453,22554,69650,FL,Tallahassee,269.8388312494458,87.37896625987078
10764,47358,3620085.0,77.48600746268657,15957,41808,TX,El Paso,226.86501222034218,86.58833237657865
10765,43312,3435381.0,80.46551586774665,16307,37655,OH,Toledo,210.66909915987,91.2330633382021
10767,69009,5623693.0,82.34200035507352,23358,61959,IL,Chicago,240.7608956246254,90.76474765570781
10768,16163,1299938.0,82.93677518513344,7112,14314,PA,Lancaster,182.78093363329583,90.81584462763728
10769,47581,3637396.0,77.3466504854369,15599,41200,TX,College Station,233.18135777934484,88.28631067961165
10770,37999,3031365.0,79.86765020966607,15009,32671,AR,Fayetteville,201.9698181091345,92.78457959658412
10771,62866,5000848.0,80.34957673502153,22316,54812,CA,Napa,224.09248969349346,91.2363715974604
10773,54715,4312714.0,79.47881501156714,17185,46684,NC,Winston-Salem,250.9580448065173,92.38098706194842
10774,38283,2931832.0,76.9956152539756,14453,32385,NJ,Avalon,202.8528333218017,90.53055426895168
10801,65527,4836505.0,74.32969832484146,16596,54562,HI,Lahaina,291.42594601108704,88.64237014772186
10810,223654,16297756.0,75.75487960786393,40090,169737,HI,Honolulu,406.52920927912197,96.01769796803289
10832,40117,3112704.0,80.39593764761455,11515,31755,TX,Houston,270.3173252279635,98.02248464808692
10833,44040,3446555.0,80.24263381028086,15123,37740,GA,Atlanta,227.90154069959664,91.32366189719131
10837,61820,4735640.0,77.36835853538972,17842,53038,GA,athens,265.42091693756305,89.28768053094008
10839,38126,3038311.0,79.7292348913367,16666,33590,CO,Lakewood,182.30595223808953,90.45284310806788
10841,87505,5100646.0,61.67521427940267,16348,56585,PA,Tannersville,312.0042818693418,90.14130953432888
10842,51781,4158739.0,80.95406509480041,18239,45042,MA,Millbury,228.01354240912332,92.33024732471915
10843,65643,5257697.0,81.36863718330983,21950,56009,OH,Fairlawn,239.53061503416856,93.87235979931796
10844,63890,4766237.0,75.40142894452113,20285,53606,TX,Corpus Christi,234.9636184372689,88.91237921128231
10845,52495,4132027.0,79.60658578856153,20521,45583,NY,Staten Island,201.356025534818,90.64842156066955
10846,57777,4523733.0,78.79438570147448,18589,47949,GA,Augusta,243.35537145623755,94.34467872114121
10847,52356,4013222.0,78.10858329487772,15395,43340,FL,Orlando,260.6834686586554,92.59856945085372
10848,70245,5157545.0,76.11879406847423,19553,55028,TX,San Antonio,263.7725668695341,93.72583048629788
10849,69316,5212845.0,76.50207175166604,21566,57922,TX,Tyler,241.71589539089308,89.99766927937571
10851,89518,6970171.0,79.48769732550555,24578,76650,NM,Albuquerque,283.5939051183986,90.93504240052185
10853,83712,6389494.0,77.66541713762466,24081,69893,MO,Springfield,265.33341638636267,91.41822500107307
10854,64360,5079952.0,80.11063737924334,20894,55587,CO,Westminster,243.12970230688236,91.38741072552935
10855,64699,5085060.0,79.34840603594787,21779,58251,NY,New York,233.48454933651684,87.29566874388422
10856,68994,5325535.0,78.31672126807638,24633,60438,TN,Brentwood,216.19514472455649,88.11567225917469
10859,78840,6279045.0,80.59864015658803,23168,67949,PA,Newtown,271.02231526243094,92.40820321123195
10861,84543,6724478.0,80.58802424505993,26944,73582,NY,Scarsdale,249.572372327791,91.38754043108369
10913,107220,8299907.0,78.40137822322104,28459,93889,TX,Houston,291.64436557855163,88.40127171447135
10915,214200,16180603.0,77.60719474562636,36689,166566,TX,Shenandoah,441.020551118864,97.14229194433437
10916,121633,9432613.0,79.90120453095086,30341,100288,TX,Dallas,310.8866879799611,94.05525087747287
10917,89327,6847410.0,78.33713431896822,22661,76296,TX,San Antonio,302.16715943691804,89.74795533186537
10919,190628,14770475.0,79.60096887115088,35224,148833,TX,Houston,419.3298603225074,99.24193559224096
10922,51676,4051150.0,78.56529097773728,19838,46086,TX,Austin,204.21161407399939,87.9041357462136
10924,292113,22534588.0,79.51997695403055,43551,220429,TX,Dallas,517.4298638377994,102.2305957927496
10925,98535,7579706.0,78.0378900703079,27314,86619,TX,Houston,277.50259939957533,87.50627460487884
10927,179210,13696290.0,78.24906395927697,34792,142622,TX,Fort Worth,393.66204874683837,96.03209883468189
10928,141153,10870874.0,78.41465474707097,33983,119579,TX,Houston,319.89153400229526,90.90955769825806
10929,218011,16694784.0,78.08865482217851,36696,162157,TX,Austin,454.94833224329625,102.95444538317803
10930,213909,12936248.0,64.58426656055352,26378,123139,TX,San Marcos,490.4180756691182,105.05402837443864
10931,99133,7833228.0,79.76728102211922,25171,82417,TX,Dallas,311.20050852171147,95.04383804312216
10932,210573,15688906.0,77.37327734512291,36442,162177,TX,San Antonio,430.517150540585,96.73940201138262
10933,186932,14576686.0,79.62347647227196,38405,150227,TX,Plano,379.5517771123552,97.03106631963628
10934,199346,15254513.0,78.55917642697813,37206,153769,TX,Southlake,410.0014245014245,99.20408534880242
10935,80289,6163683.0,78.90586223527865,23647,68421,TX,Sugar Land,260.65390958683975,90.08466698820537
10950,127747,9746715.0,77.92795946481478,30722,105982,TX,Austin,317.2552242692533,91.96575833632126
11001,55678,4471403.0,81.10590570507759,19221,46853,IL,Lake Forest,232.6311326153686,95.4347213625595
11002,60130,4871364.0,81.76851539355758,21211,53334,MD,Gaithersburg,229.66215642826836,91.3369332883339
11003,37465,2975323.0,79.88543971867705,16058,32987,MN,Minneapolis,185.2860256569934,90.19683511686422
11004,51575,4119557.0,80.34446266535475,19076,45735,CT,New Haven,215.954969595303,90.07449436973872
11006,33347,2636131.0,79.47094831911691,14987,29895,RI,Providence,175.89450857409756,88.17966215086135
11008,99318,7673987.0,77.80022153355985,22766,80349,SC,Mt Pleasant,337.0810419045946,95.5081830514381
11009,92851,7300752.0,80.47579909900247,21747,74584,SD,Sioux Falls,335.7130638708787,97.88630269226644
11011,102357,8061744.0,80.34203634541811,26035,87824,WA,Washington,309.65024006145575,91.79431590453635
11038,48001,3931203.0,82.71539474922368,17079,42508,MA,Sommerville,230.1775865097488,92.48148583795991
11041,29426,2322329.0,78.8984500058564,13610,25613,WA,Bellingham,170.63401910360028,90.66993323702808
11042,49908,4025774.0,81.55989158646668,16569,43537,VA,Ashburn,242.97024563944717,92.46787789696121
11043,75413,5627538.0,78.1385587863464,17961,59325,TX,El Paso,313.319859696008,94.85946902654867
11045,41761,3374189.0,81.27351257963502,17539,37044,UT,Sandy,192.3820628314043,91.08597883597884
11046,45924,3721638.0,81.61844061517463,17565,41029,MI,Grosse Pointe,211.87805294619983,90.70749957347242
11047,50254,3849869.0,76.86313534740506,17839,44818,AL,Auburn,215.8119289197825,85.90006247489848
11048,54337,4197101.0,78.54512557618575,18064,46426,TN,Murfreesboro,232.34615810451726,90.40410545814845
11049,45064,3526548.0,78.90243030736241,17053,39172,MO,Lee's Summit,206.7992728552161,90.02726437251097
11050,51544,3952196.0,78.30182257847835,17356,44662,AZ,Tempe,227.71352846277944,88.49124535399221
11051,44330,3468908.0,78.96539115208323,18483,38834,CO,Denver,187.68100416599037,89.32656950095277
11052,55207,4349633.0,79.69400275165212,19367,44337,CO,Broomfield,224.58992099963857,98.10390869928051
11054,42677,3368303.0,79.1911760747261,17778,37149,CT,Darien,189.46467544155698,90.67008533204124
11055,42612,3311367.0,78.63002643662168,16666,35935,CA,Oxnard,198.68996759870396,92.14879643801308
11056,44603,3343147.0,75.01476978789447,15013,38660,HI,Waikoloa Village,222.68347432225406,86.47560786342473
11057,48133,3654379.0,78.77132001848334,15582,38954,WA,Kennewick,234.52567064561674,93.81267649021923
11058,48473,3880629.0,80.30908295669923,15891,41154,IN,Fort Wayne,244.20294506324333,94.29530543811052
11060,83758,6270800.0,76.70778317247913,18820,67556,FL,Destin,333.1987247608927,92.82373142281959
11061,16572,1259129.0,76.62101736633393,6149,14626,FL,Dania Beach,204.76971865343958,86.08840421167784
11062,67332,5383594.0,82.25331251974504,18742,53811,IL,Orland Park,287.2475722975136,100.046347401089
11063,48844,3870986.0,80.1160394050978,17105,41822,MA,Peabody,226.30727857351653,92.55860551862656
11064,56998,4622484.0,82.67372785680563,18297,48717,MA,Braintree,252.63616986391213,94.88441406490547
11065,49396,3888168.0,79.85828112069984,16852,42295,NH,Nashua,230.72442440066462,91.92973164676675
11066,46251,3500564.0,76.71844005296425,16598,40027,FL,Miami,210.90275936859862,87.45506782921528
11067,54024,4091095.0,76.4541108583944,18563,47484,TX,Highland Village,220.38975381134514,86.1573372083228
11068,49865,3838664.0,77.93577937992244,16990,42027,FL,Altamonte Springs,225.93666862860505,91.33804459038237
11069,56448,4325396.0,77.21343008994276,18469,48920,NC,Asheville,234.19762845849803,88.41774325429272
11070,54926,4222947.0,78.1228403593642,17031,46304,TN,Chattanooga,247.95649110445657,91.20047944022114
11072,43345,3141215.0,74.32663038974671,12358,36203,TX,Midland,254.18473863084643,86.76670441676104
11073,19997,1486946.0,75.85001166316772,5751,17148,FL,Pensacola,258.5543383759346,86.71250291579193
11076,21825,1644921.0,76.35055215366096,7510,19107,OH,Liberty Township,219.03075898801598,86.08996702779086
11077,13908,1098925.0,80.30998881528005,4103,11623,TX,Houston,267.83451133317084,94.54744902348791
11101,82896,4916170.0,61.27780260780008,15703,51461,ME,Kittery,313.072024453926,95.53195623870504
11141,56723,4478452.0,79.60653103849938,19294,49793,CO,Breckenridge,232.1163055872292,89.94139738517462
11142,72848,5696024.0,79.3763323837265,23499,62482,ID,Boise,242.3943146516873,91.16263883998592
11143,3501,303153.0,87.14751452550033,2165,3098,CO,Broomfield,140.024480369515,97.85442220787606
11201,110199,8650587.0,79.66978885368603,29059,94058,KS,Kansas City,297.6904573454007,91.97077335261221
11220,177639,14303883.0,81.50997591044353,39237,141140,MO,Frontenac,364.5508830950379,101.34535213263426
11222,175470,13907664.0,80.64755561853478,35475,141140,KS,Leawood,392.04126849894294,98.53807566954796
11223,48962,3879870.0,79.90448186349957,17997,43531,MD,St. Louis,215.58426404400734,89.12889664836553
11302,22701,1717962.0,76.82318445991936,6620,19099,NY,Lake Grove,259.5108761329305,89.95036389339757
11320,142599,11533187.0,82.18012267214343,32114,108093,MN,Minnetonka,359.1326835648004,106.696890640467
11330,325786,25366054.0,81.61550494221719,41453,222471,MN,Bloomington,611.9232383663426,114.01959805997186
11333,110751,6747764.0,63.72549649063927,18685,68531,MN,Albertville,361.1326732673267,98.46294377726868
11335,106668,8562415.0,81.44125581446984,31364,90077,MN,Edina,273.0013709985971,95.05661822662833
11421,168270,13601825.0,81.87008600191115,35496,134997,CO,Denver,383.19317669596575,100.75649829255465
11422,56562,4422701.0,79.14296934747111,16438,48381,CO,Aspen,269.0534736585959,91.41400549802609
11423,86959,6959133.0,80.66556893781454,28356,75307,CO,Boulder,245.42012272534913,92.4101743529818
11424,164587,13263629.0,82.38751595225584,35725,133210,CO,Lone Tree,371.2702309307208,99.56931912018617
11431,52447,3978452.0,76.55755046155205,18406,45282,FL,Ocala,216.14973378246225,87.85945850448302
11432,39350,3006322.0,77.24549516229251,14368,33797,CO,Grand Junction,209.23733296213808,88.9523330473119
11433,33525,2611020.0,78.45318436594816,15036,26583,OR,Hillsboro,173.6512370311253,98.22141970432232
11434,53823,4263352.0,79.6404797996441,18020,45519,IL,Geneva,236.59001109877914,93.66093279729344
11435,43166,3393218.0,79.07051649554386,16889,38374,CT,South Windsor ,200.91290188880336,88.42492312503258
11436,19283,1460913.0,76.07742548390928,6890,16842,FL,Delray Beach,212.03381712626995,86.74225151407197
11437,39405,2923161.0,76.84218977217644,13385,33008,PA,Lancaster,218.39081060889055,88.55916747455163
11439,10651,829859.0,79.3774810537712,3454,8313,TN,Hendersonville,240.2602779386219,99.82665704318538
11440,12870,1005661.0,80.64973564954683,3418,10592,NJ,Ocean City,294.2249853715623,94.94533610271904
11511,84014,6447529.0,77.57356388406276,20284,72522,SC,Charleston,317.8627982646421,88.90445657869336
11602,200009,15286640.0,77.85194013955879,37364,161509,AL,Birmingham,409.12750240873567,94.64884309852702
11651,190325,15028825.0,81.31913409254129,35148,146205,IN,Indianapolis,427.58691817457606,102.79282514277898
11700,44816,3587857.0,81.07565198118552,17592,40607,OR,Portland,203.9482150977717,88.35562833994139
11704,84016,6639182.0,80.03558772013197,26601,73649,OR,Tigard,249.58392541633773,90.1462613205882
11803,47892,3853593.0,80.98845430523484,17887,42007,WI,Milwaukee,215.44099066361045,91.73692479824791
11804,127137,10033079.0,80.37053099909335,31618,106987,WI,Madison,317.3217471060788,93.77848710591006
11805,94324,7487509.0,81.65759500179976,24766,77788,WI,Wauwatosa,302.33017039489624,96.25532215765928
11806,97855,7421533.0,76.83848374426198,25519,84524,NC,Wilmington,290.82381754770955,87.80385452652501
11807,110640,8768027.0,80.6022356827009,30192,92947,WI,Brookfield,290.40894939056705,94.3336202351878
11808,85089,6687148.0,79.53794478568656,28392,74727,TN,Knoxville,235.52930402930403,89.48770859261043
11809,72615,5586292.0,79.2255789542741,21301,60972,NY,Syracuse,262.2549176095019,91.62061274027423
11852,78330,6235224.0,80.83089343540613,22191,67011,ID,Meridian,280.9798566986616,93.04776827685006
11901,85163,6503298.0,77.25859326557571,26840,74186,TN,Nashville,242.29873323397914,87.66206561884992
11904,119018,9142313.0,78.34608841855405,28417,101110,TN,Germantown,321.7198507935391,90.41947384037188
11905,115802,9003179.0,79.15646732283868,29797,97637,TN,Franklin,302.1505185085747,92.21072953900673
11907,53750,4187939.0,79.03275170694701,17416,46135,TN,Chattanooga,240.46503215434083,90.77574509591416
11908,87831,6783297.0,78.81512442752303,23613,72492,KS,Wichita,287.269597255749,93.57304254262539
11909,80106,5937899.0,74.47744416726063,19977,67344,HI,Wailea,297.23677228813136,88.17265086718936
11910,131119,10420494.0,80.92006848942762,31339,110382,AR,Rogers,332.50882287245923,94.40392455291624
11911,62470,4779040.0,78.47810386334976,17627,52338,CA,Bakersfield,271.1204402337323,91.31109327830639
11912,85359,6940929.0,82.5897621246804,25662,74703,CA,San Mateo,270.4749824643442,92.91365808602065
11913,94528,7463164.0,81.22574882853962,23816,77254,NV,Las Vegas,313.36765199865636,96.60553498847956
11915,117407,9399910.0,81.90361326087604,30081,100657,CA,Los Angeles,312.4866194607892,93.38555689122465
11916,13921,1155400.0,83.03355580274379,6139,10788,CA,Pacific Palisades,188.20654829776836,107.10048201705598
11917,71186,5676681.0,80.2635258600143,20872,62935,NC,Charlotte,271.97590072824835,90.19911019305633
11918,66682,5296368.0,80.42703514671491,21973,58583,NY,Brooklyn,241.03982159923544,90.40793404229896
11920,71326,5777722.0,82.04333171172424,20513,57556,WA,Kirkland,281.6614829620241,100.38435610535826
11922,322989,23662991.0,77.88191739258099,32719,204340,FL,Lake Buena Vista,723.2186497142333,115.80205050406185
11924,128076,9755992.0,78.14957079520799,26450,106010,FL,Miami,368.8465784499055,92.02897839826431
11925,64721,5183153.0,80.70309278350516,19934,56745,CO,Fort Collins,260.01570181599277,91.34114018856287
11926,60552,4870190.0,81.27141954428875,19555,53806,WA,Washington,249.05088212733315,90.51388321005092
11927,181382,13997473.0,79.73359728105466,34690,140937,MO,Des Peres,403.50167195157104,99.31723394140644
11928,69820,5551090.0,80.98162131357743,23822,56152,OR,Happy Valley,233.02367559398874,98.85827753241202
11929,102311,8177072.0,81.56371659663128,26870,85433,CA,Arcadia,304.31976181615187,95.71327238888954
11942,92976,6968512.0,75.85981989766299,24719,74069,AL,Mobile,281.90913871920384,94.08135657292524
11943,33067,2529907.0,76.51959813216358,12568,28268,TX,Bee Cave,201.2975015913431,89.49720532050375
11944,17960,1402439.0,79.97368421052632,6777,15466,AK,Anchorage,206.94097683340712,90.67884391568602
11945,24979,1733991.0,75.38839575665729,8512,18476,TN,Nashville,203.71134868421052,93.85099588655554
11952,135112,10689104.0,80.57242967622837,30731,111591,KY,Lexington,347.82805636002735,95.78822664910253
11954,144496,11197228.0,79.59706542408306,31525,116746,KY,Louisville,355.18566217287866,95.91102050605588
11967,40787,3188016.0,79.06218038774936,15893,35590,CA,Escondido,200.5924620902284,89.57617308232649
11973,28219,2273909.0,80.46921589169152,11417,24818,WY,Jackson,199.16869580450205,91.62337819324684
11974,68895,5525230.0,82.16092513694461,21788,57505,NJ,Edison,253.59050853680924,96.08260151291192
11987,32427,2665153.0,83.93164362519201,11189,27342,AK,Anchorage,238.19402985074626,97.47469095164948
12010,86274,6814517.0,81.05951722330606,20872,68686,MD,Annapolis,326.49084898428515,99.21260518883032
12011,66972,5478766.0,82.84612778401898,21774,56079,MD,Bethesda,251.6196381004868,97.69728418837711
12013,63311,5026688.0,79.95498495343578,24071,56159,MD,Baltimore,208.82755182584853,89.50814651258035
12014,85759,6796345.0,81.16250364872191,23081,71943,MD,Columbia,294.4562627269182,94.46846809279569
12015,74954,6035495.0,82.5480182218228,22307,64538,MD,Towson,270.56506926077014,93.51846973875855
12016,109225,8736580.0,81.52446467481205,28188,87657,MD,Bethesda,309.9396906485029,99.66779606876804
12017,68880,5376058.0,78.7065955052348,21410,58646,CA,Long Beach,251.10032695002334,91.66964498857553
12018,89065,6897456.0,78.71364757823659,26313,77010,NV,Henderson,262.1311138980732,89.56571873782626
12019,67378,5365814.0,80.44147482014388,19037,55600,MT,Bozeman,281.86237327309976,96.50744604316547
12020,87486,6867008.0,80.4609875393036,20473,68696,WI,Grand Chute,335.4177697455185,99.96226854547572
12042,29353,2422811.0,83.23799274582487,10574,25089,TX,Bee Cave,229.12909022129753,96.56865558611344
12043,72432,5592217.0,77.96933700782414,21653,63138,FL,Estero,258.2652288366508,88.57133580411163
12044,70837,5387764.0,78.21332964888344,18780,57901,GA,Buford,286.8883919062833,93.05131172173192
12050,17517,1402431.0,81.3006383416844,6919,14569,SC,Johns Island,202.6927301633184,96.26130825725856
12068,55201,4226121.0,77.427650687981,17346,47167,AL,Tuscaloosa,243.63663092355586,89.59910530667628
12078,5871,614924.0,110.87249417249417,2067,4290,CO,Vail,297.4958877600387,143.33892773892774
12081,43826,3348788.0,77.87566433566434,15085,35750,CA,Riverside,221.9945641365595,93.6723916083916
13014,138425,10553569.0,77.67114608484165,32264,113482,NC,Durham,327.10045251673694,92.99773532366366
13016,5599,454528.0,84.82959464777646,2231,2541,NC,Asheville,203.7328552218736,178.8776072412436
13020,208160,16397707.0,80.15166397888872,37290,163704,NC,Charlotte,439.7347009922231,100.16680716414993
13021,109207,8491702.0,78.69558189655173,30043,94656,NC,Raleigh,282.6515993742303,89.71118576741041
13022,133285,10336673.0,78.83582169184666,31803,112457,NC,Huntersville,325.0219476150049,91.91667037178655
14002,89605,7209894.0,81.68831748522271,26419,73931,PA,Dresher,272.9056360952345,97.52193261284171
14003,106868,8255483.0,78.98942738163022,25992,89571,TX,Katy,317.61630501692827,92.16691786404081
14011,98315,7805244.0,81.17941458620932,27008,85478,PA,Philadelphia,288.99748222748815,91.31289922553171
14013,239133,18993311.0,82.14829088171503,38299,167367,PA,King of Prussia,495.9218517454764,113.48301039033979
14014,56508,4552658.0,81.22100105415218,20256,51226,PA,Pittsburgh,224.75602290679305,88.87397024948268
14015,133972,10586910.0,81.20219148289114,29305,108511,PA,Pittsburgh,361.2663368025934,97.56531595875073
14016,95937,7587007.0,80.55255343329544,27586,81831,PA,Ardmore,275.0310664829986,92.71556011780376
14018,71659,5767618.0,81.35002454590084,21865,61110,PA,Glen Mills,263.7831237136977,94.3809196530846
15012,152244,12164755.0,80.62237826921447,35230,129733,GA,Atlanta,345.2953448765257,93.7676227328436
15013,52436,4130242.0,79.64275434517879,19853,45165,GA,Atlanta,208.04120284088046,91.44784678401417
15014,103251,8037087.0,79.02189871144435,30819,89092,GA,Atlanta,260.7835101722963,90.21109639473802
15016,194548,14956265.0,78.80954589936835,36032,157366,GA,Alpharetta,415.0828430284192,95.0412732102233
15202,55838,4292369.0,78.03827253040147,16153,48024,LA,New Orleans,265.732000247632,89.37966433449942
15203,138120,10418311.0,76.72124077592683,29885,113155,LA,Baton Rouge,348.6133846411243,92.07115019221422
15205,85406,6659334.0,78.75032610142419,24799,75130,FL,West Palm Beach,268.53236017581355,88.63748169838946
15206,81820,6537750.0,81.78839400632418,21684,62933,IN,Mishawaka,301.5011068068622,103.88428964136463
15207,127761,9337805.0,74.57549915201973,28174,103776,FL,Miramar Beach,331.4334137857599,89.98039045636756
15208,101825,7932331.0,79.2686962276638,27288,87638,FL,Pembroke Pines,290.6893506303137,90.51246034825076
15209,81009,6099236.0,76.3914088863892,25401,71120,FL,Viera,240.11794811227904,85.75978627671542
15210,51837,4140894.0,80.14910636442895,20118,45880,MN,Edina,205.83030122278558,90.2548823016565
15212,96152,7762040.0,82.53706184134045,26866,79138,UT,Orem,288.9168465718752,98.08233718314843
15302,213946,16636071.0,79.83692458374144,38465,165402,OK,Oklahoma City,432.4989210971013,100.57962418834113
15303,116443,8986538.0,78.59670898869307,26563,94986,OK,Tulsa,338.3103565109363,94.60907923272903
16001,165800,12984230.0,80.0237758874628,33320,133076,NV,Las Vegas,389.68277310924367,97.570035167874
16010,151072,11845704.0,80.59135641500502,30348,120413,NV,Las Vegas,390.3289837880585,98.37562389443
16011,111037,8807846.0,80.53419129562063,28569,95653,VA,Reno,308.3008155693234,92.08123111664035
16101,154885,12158320.0,80.28367547231537,33449,122270,NE,Omaha,363.48829561421866,99.43829230391756
16201,130768,10160182.0,78.76109218151593,31345,108883,AR,Little Rock,324.1404370713032,93.31284038830671
16310,179583,14035890.0,80.09261983659944,36293,140024,IA,West Des Moines,386.7382139806574,100.23917328457979
18005,168664,14020614.0,85.31460792580101,33151,132832,MI,Novi,422.93185725920785,105.55147855938328
18010,267734,22517957.0,86.13352665211895,43210,204843,MI,Troy,521.1283730617913,109.92788135303623
18011,92153,7752122.0,84.86979548703923,27343,80435,MI,Birmingham,283.5139523826939,96.37747249331758
18012,64428,5305939.0,83.35595624743345,20660,53574,MI,Ann Arbor,256.82182962245884,99.03944077350954
18013,128688,10415489.0,82.09745449905671,32842,109723,MI,Grand Rapids,317.1393033311004,94.92530280798009
18014,94094,7652384.0,82.55913211399614,28472,81301,MI,Rochester Hills,268.7687552683338,94.12410671455456
19010,82014,6476018.0,79.12019960312828,23398,68536,AZ,Phoenix,276.77656209932474,94.49074938718339
19020,200914,15732614.0,79.54956318812829,39532,167120,AZ,Scottsdale,397.9716179297784,94.13962422211584
19021,129659,9983734.0,78.73698116025916,31256,107114,AZ,Chandler,319.41815971333506,93.20662098325148
19022,133531,10019615.0,76.95142534447707,31219,110675,AZ,Tucson,320.9460584900221,90.53187259995482
19024,310322,24178294.0,80.36893702316488,42920,224003,AZ,Scottsdale,563.3339701770736,107.9373669102646
19027,90269,7129024.0,80.63549236858478,23935,75543,PA,Pittsburgh,297.84934196782956,94.37041155368466
21010,149407,12021879.0,82.88048102510211,31224,117998,NJ,Paramus,385.0204650269024,101.88205732300547
21011,48422,3883492.0,80.78131110904181,18058,42956,NJ,Princeton,215.05659541477462,90.40627618958935
21012,117853,9495779.0,81.66962054965647,30573,102464,NJ,Shrewsbury,310.59362836489714,92.67429536227358
21014,182395,14901938.0,82.95216718472766,36658,149918,NJ,Short Hills,406.51257569971085,99.40059232380368
21015,77378,6211560.0,81.47062964294273,22817,66768,NJ,Evesham Township,272.23386071788576,93.03199137311287
21017,44058,3538703.0,80.59179578359156,17974,39370,NJ,Summit,196.8789918771559,89.88323596647193
21019,84632,6732201.0,80.71418329220036,25105,72529,NJ,Bridgewater,268.16176060545706,92.82081650098581
21020,53390,4307743.0,81.3338311701971,19513,47539,WA,Hoboken,220.76272228770563,90.61492669176886
21021,93650,7348602.0,80.25114491014874,26373,77517,NJ,Wayne,278.64111022636786,94.799876156198
21026,113118,9047402.0,82.10827043171328,30798,92075,NJ,East Rutherford,293.7658938892136,98.26122183002987
21029,55450,4448220.0,80.79906454630496,19095,48105,NJ,Closter,232.95208169677926,92.46897411911443
21030,73128,5669399.0,78.3465252643391,24095,63271,MO,Columbia,235.29358788130318,89.60501651625547
22010,86695,6989279.0,81.26797986832942,25729,76099,CT,Greenwich,271.6498503634032,91.84455774714516
22011,106184,8484129.0,80.92535327431682,28508,90935,CT,Westport,297.6051985407605,93.29882883378237
22014,136623,10823603.0,81.01144315394603,32205,110896,CT,Farmington,336.0845520881851,97.60138327802626
22016,79237,6351030.0,81.50440358350134,21333,65969,CT,Danbury,297.7091829559837,96.2729463839076
22501,93932,7635181.0,82.11274387505614,25732,80164,RI,Cranston,296.7192989274056,95.24451125193353
23011,191452,15119183.0,81.50535811956,36377,148093,OH,Columbus,415.6247903895318,102.09248917909692
23012,109617,8949904.0,83.12577016802699,27553,93973,OH,Woodmere,324.8250281276086,95.23910059272345
23013,62516,5121865.0,82.5639009763411,20430,54694,MI,Cincinnati,250.70313264806657,93.64582952426225
23014,173225,13721967.0,81.54568907194421,31978,134507,OH,Cincinnati,429.10647945462506,102.01675005761781
23015,118148,9504910.0,82.39467354512902,27132,91881,OH,Columbus,350.3210231461006,103.4480469302685
23017,96949,7774551.0,81.76004808705244,23562,80687,OH,Westlake,329.96142093200916,96.35444371460086
23021,56231,4568779.0,82.40919365444682,17658,48664,MI,East Lansing,258.7370596896591,93.88416488574717
23022,39830,3223239.0,81.07481027437245,16793,34260,CO,Denver,191.93943905198594,94.08169877408056
24002,91664,7426061.0,81.73072495667463,26206,79053,UT,Salt Lake City,283.3725482713882,93.93775062299976
24003,51954,4228574.0,82.08215505190549,16592,43637,UT,Park City,254.85619575699133,96.90340765863832
24004,141604,11361344.0,81.8483934139638,32309,118979,UT,Murray,351.64641431180166,95.49033022634246
24005,76816,6256117.0,81.8996037191803,21690,64853,UT,Farmington,288.43324112494236,96.46611567699259
